Name	Sequence Name	Type	Minimum	Maximum	Length	# Intervals
HA peptide	A/Michigan/45/2015|EPI_ISL_336680|HA||18-19_H1N1_within-season_consensus	mat_peptide	1054	1719	666	1
HA peptide	A/Michigan/45/2015|EPI_ISL_336680|HA||17–18_H1N1_within-season_consensus	mat_peptide	1054	1719	666	1
HA peptide	A/California/04/2009|EPI_ISL_31103|4|HA||A_/_H1N1	mat_peptide	1033	1698	666	1
Sb antigenic site	A/Michigan/45/2015|EPI_ISL_336680|HA||18-19_H1N1_within-season_consensus	misc_feature	622	657	36	1
Sb antigenic site	A/Michigan/45/2015|EPI_ISL_336680|HA||17–18_H1N1_within-season_consensus	misc_feature	622	657	36	1
Sb antigenic site	A/California/04/2009|EPI_ISL_31103|4|HA||A_/_H1N1	misc_feature	601	636	36	1
Ca1 antigenic site	A/Michigan/45/2015|EPI_ISL_336680|HA||18-19_H1N1_within-season_consensus	Antigenic site	568	783	33	3
Ca1 antigenic site	A/Michigan/45/2015|EPI_ISL_336680|HA||17–18_H1N1_within-season_consensus	Antigenic site	568	783	33	3
Ca1 antigenic site	A/California/04/2009|EPI_ISL_31103|4|HA||A_/_H1N1	Antigenic site	547	762	33	3
Ca2 antigenic site	A/Michigan/45/2015|EPI_ISL_336680|HA||18-19_H1N1_within-season_consensus	Antigenic site	481	738	24	2
Ca2 antigenic site	A/Michigan/45/2015|EPI_ISL_336680|HA||17–18_H1N1_within-season_consensus	Antigenic site	481	738	24	2
Ca2 antigenic site	A/California/04/2009|EPI_ISL_31103|4|HA||A_/_H1N1	Antigenic site	460	717	24	2
Sa antigenic site	A/Michigan/45/2015|EPI_ISL_336680|HA||18-19_H1N1_within-season_consensus	misc_feature	442	564	39	3
Sa antigenic site	A/Michigan/45/2015|EPI_ISL_336680|HA||17–18_H1N1_within-season_consensus	misc_feature	442	564	39	3
Sa antigenic site	A/California/04/2009|EPI_ISL_31103|4|HA||A_/_H1N1	misc_feature	421	543	39	3
Cb antigenic site	A/Michigan/45/2015|EPI_ISL_336680|HA||18-19_H1N1_within-season_consensus	Antigenic site	280	297	18	1
Cb antigenic site	A/Michigan/45/2015|EPI_ISL_336680|HA||17–18_H1N1_within-season_consensus	Antigenic site	280	297	18	1
Cb antigenic site	A/California/04/2009|EPI_ISL_31103|4|HA||A_/_H1N1	Antigenic site	259	276	18	1
HA peptide	A/Michigan/45/2015|EPI_ISL_336680|HA||18-19_H1N1_within-season_consensus	mat_peptide	73	1053	981	1
HA peptide	A/Michigan/45/2015|EPI_ISL_336680|HA||17–18_H1N1_within-season_consensus	mat_peptide	73	1053	981	1
HA peptide	A/California/04/2009|EPI_ISL_31103|4|HA||A_/_H1N1	mat_peptide	52	1032	981	1
HA CDS	A/Michigan/45/2015|EPI_ISL_336680|HA||18-19_H1N1_within-season_consensus	CDS	22	1722	1701	1
HA signal peptide	A/Michigan/45/2015|EPI_ISL_336680|HA||18-19_H1N1_within-season_consensus	sig_peptide	22	72	51	1
HA gene	A/Michigan/45/2015|EPI_ISL_336680|HA||18-19_H1N1_within-season_consensus	gene	22	1722	1701	1
HA CDS	A/Michigan/45/2015|EPI_ISL_336680|HA||17–18_H1N1_within-season_consensus	CDS	22	1722	1701	1
HA signal peptide	A/Michigan/45/2015|EPI_ISL_336680|HA||17–18_H1N1_within-season_consensus	sig_peptide	22	72	51	1
HA gene	A/Michigan/45/2015|EPI_ISL_336680|HA||17–18_H1N1_within-season_consensus	gene	22	1722	1701	1
HA CDS	A/California/04/2009|EPI_ISL_31103|4|HA||A_/_H1N1	CDS	1	1701	1701	1
HA gene	A/California/04/2009|EPI_ISL_31103|4|HA||A_/_H1N1	gene	1	1701	1701	1
HA signal peptide	A/California/04/2009|EPI_ISL_31103|4|HA||A_/_H1N1	sig_peptide	1	51	51	1
